"Movie","Valence","ArousalGenre"
"10-things-i-hate-about-you","5.76657921811","4.07077417695","Comedy"
"12-and-holding","5.65219445139","4.02454886278","Drama"
"12-monkeys","5.53820886551","4.04376558978","Drama"
"12-years-a-slave","5.62131189614","4.02212560386","Drama"
"127-hours","5.62058767773","3.98481279621","Drama"
"1492-conquest-of-paradise","5.68868089431","3.9898495935","Drama"
"15-minutes","5.52915722121","4.07998354662","Crime"
"17-again","5.73534464475","4.00332449629","Drama"
"187","5.53340181818","3.99266909091","Drama"
"2012","5.68377476352","4.04554345886","Action"
"30-minutes-or-less","5.54797195622","4.20561046512","Action"
"42","5.71029491587","3.94870454134","Drama"
"44-inch-chest","5.64088243586","4.08951790245","Crime"
"50-50","5.6944004171","4.07482377477","Drama"
"500-days-of-summer","5.87013243243","4.06545675676","Drama"
"8mm","5.59855483681","3.94045574831","Thriller"
"a-dry-white-season","5.62261280447","3.98803407427","Drama"
"a-few-good-men","5.56100364674","3.96243856033","Thriller"
"a-most-violent-year","5.69302603424","3.94734843081","Crime"
"a-nightmare-on-elm-street","5.56474440895","4.02003549876","Mystery"
"a-perfect-world","5.5943793911","4.00478253597","Crime"
"a-walk-to-remember","5.80034054974","3.94009243493","Romance"
"above-the-law","5.45198696495","4.0443086137","Action"
"absolute-power","5.67523883495","4.01389514563","Drama"
"adaptation","5.76031711772","4.0467192429","Drama"
"affliction","5.59506504065","4.07955284553","Drama"
"after-school-specia","5.79593700431","4.0913097666","Comedy"
"after.life","5.50282775769","3.90674728752","Thriller"
"airplane-2-the-sequel","5.58235233798","4.01492821985","Sci-Fi"
"airplane","5.72350049407","4.02216650198","Romance"
"ali","5.61047922849","4.08984421365","Drama"
"alien-3","5.5413601741","3.91484657236","Drama"
"alien-nation","5.50601229088","4.01829293274","Drama"
"alien-resurrection","5.46729083665","4.07265537849","Action"
"alien-vs.-predator","5.4174321608","4.0248559464","Horror"
"aliens","5.41250612745","4.04875153186","Action"
"all-about-steve","5.67397098646","3.9835106383","Comedy"
"alone-in-the-dark","5.46718983256","3.97943715957","Action"
"amadeus","5.7820233513","4.04660379779","Drama"
"amelia","5.82800358423","4.0033046595","Drama"
"american-beauty","5.71912247325","4.05393103448","Drama"
"american-gangster","5.64182452945","4.03699301761","Drama"
"american-hustle","5.78563054765","4.09928152738","Drama"
"american-madness","5.7132987383","3.9702035002","Drama"
"american-psycho","5.65550425818","4.01133572389","Drama"
"american-shaolin-king-of-kickboxers-ii","5.65332968237","3.96834246075","Action"
"american-sniper","5.53766101695","4.10097457627","Action"
"american-splendor","5.73479429251","4.02434720571","Drama"
"american-werewolf-in-london","5.56144490934","4.08058856346","Comedy"
"amour","5.7609886059","3.88439343164","Romance"
"an-education","5.87848943887","3.980087476","Drama"
"analyze-that","5.63839448521","4.10033800311","Crime"
"analyze-this","5.6938772578","4.07240968801","Crime"
"angel-eyes","5.70125472022","4.03976313079","Romance"
"anna-karenina","5.79972093023","3.96961717352","Drama"
"annie-hall","5.83243890597","3.99369315423","Romance"
"anonymous","5.68854662973","4.06278301016","Drama"
"antitrust","5.67862122386","3.93009101472","Thriller"
"antz","5.52143488943","4.07119410319","Fantasy"
"apocalypse-now","5.51677787091","4.09394132439","Action"
"april-fool's-day","5.67303440367","3.94457568807","Comedy"
"arbitrage","5.71966120219","4.00410928962","Thriller"
"argo","5.65947586543","3.97622623111","Thriller"
"armageddon","5.49988239686","4.0481948852","Thriller"
"army-of-darkness","5.33527235355","4.07351832819","Horror"
"arthur","5.73133429276","4.09646792763","Comedy"
"as-good-as-it-gets","5.74063970285","4.04883821709","Drama"
"assassins","5.62962648557","4.00596113941","Thriller"
"august-osage-county","5.73435665914","4.01057750188","Drama"
"austin-powers---international-man-of-mystery","5.63994626168","4.10704439252","Comedy"
"austin-powers---the-spy-who-shagged-me","5.70454136928","4.12590536611","Comedy"
"authors-anonymous","5.93540318907","3.91877676538","Comedy"
"autumn-in-new-york","5.76533824385","4.0178988176","Drama"
"avatar","5.55608363434","4.08358988608","Adventure"
"babel","5.54874275362","4.07769202899","Thriller"
"bachelor-party","5.81014122534","4.10128971963","Comedy"
"backdraft","5.47913475405","4.05848101266","Drama"
"bad-boys","5.62089798412","4.06497047445","Comedy"
"bad-country","5.42087857626","3.99621311106","Crime"
"bad-day-at-black-rock","5.48089533933","3.97601390025","Drama"
"bad-dreams","5.57149727768","4.02269056261","Thriller"
"bad-lieutenant","5.57549171271","4.20019521179","Crime"
"bad-santa","5.6027417487","4.06121598147","Comedy"
"bad-teacher","5.8145763873","4.00766841745","Comedy"
"badlands","5.70015022861","3.93566949706","Thriller"
"bamboozled","5.77177812439","4.08531487619","Comedy"
"basic-instinct","5.56772415483","4.15666095051","Crime"
"basic","5.47672153953","4.06662415952","Thriller"
"basquiat","5.75954262988","3.95679592344","Drama"
"batman-2","5.53916155692","3.98367901893","Thriller"
"batman","5.51875734158","4.04039567233","Fantasy"
"battle-los-angeles","5.44871862616","4.05223778071","Sci-Fi"
"bean","5.70204817475","3.93436864153","Comedy"
"beasts-of-the-southern-wild","5.67172489684","4.04466850069","Fantasy"
"beavis-and-butt-head-do-america","5.61257126404","4.06038295422","Animation"
"beginners","5.84040283688","4.01978723404","Romance"
"being-human","5.75227099896","3.98260744325","Fantasy"
"being-john-malkovich","5.69440976039","4.05110793581","Fantasy"
"being-there","5.76756950367","3.88316732048","Comedy"
"belle","5.70062881701","3.97346301742","Drama"
"beloved","5.84725942923","3.97516133658","Drama"
"big-eyes","5.76485443466","4.07625592417","Crime"
"big-fish","5.74435893011","4.00139430544","Adventure"
"birdman","5.69664586269","4.06783370244","Drama"
"birthday-girl","5.67484989083","3.93635098253","Crime"
"black-rain","5.55070883989","3.94484030497","Crime"
"black-snake-moan","5.64649982438","4.03995785037","Drama"
"black-swan","5.64679364209","4.01074815018","Drama"
"blade-runner","5.65829302736","3.96680494263","Sci-Fi"
"blade-trinity","5.46386817832","4.07204650269","Action"
"blade","5.44877069834","4.0844600432","Action"
"blood-and-wine","5.69131165195","3.95255222916","Crime"
"blood-simple","5.57349709784","3.84127694859","Drama"
"blue-valentine","5.7320035461","3.94825132979","Drama"
"blue-velvet","5.69938386985","3.99501903773","Mystery"
"bodies,-rest-&-motion","5.7096868349","3.98177257525","Drama"
"body-heat","5.70653846154","3.94791522763","Crime"
"body-of-evidence","5.60272122422","4.06226214238","Thriller"
"bodyguard","5.72627353109","3.98837706788","Drama"
"bonfire-of-the-vanities","5.67247954917","4.02948373023","Comedy"
"boogie-nights","5.84716074388","4.09039771681","Drama"
"boondock-saints-2-all-saints-day","5.48050495427","4.10293254573","Action"
"bound","5.62797447013","4.07929913295","Drama"
"boyhood","5.93722422062","4.03965677458","Drama"
"braveheart","5.55067535731","4.0962713994","Drama"
"breakdown","5.47968844221","3.93923819095","Thriller"
"brick","5.59766604206","3.91935873412","Mystery"
"bridesmaids","5.9062315868","4.09443035614","Comedy"
"bringing-out-the-dead","5.51415381073","4.04811650933","Drama"
"broken-arrow","5.46747855472","4.10756693527","Adventure"
"broken-embraces","5.7332655542","3.94718421925","Drama"
"bull-durham","5.7129798404","4.12015329693","Drama"
"buried","5.55368396115","4.00426676143","Mystery"
"burlesque","5.79691473838","4.01013341672","Romance"
"burn-after-reading","5.67032657658","3.96475900901","Comedy"
"burning-annie","5.77456492335","4.02369702435","Romance"
"cable-guy","5.72516485611","4.06105202973","Comedy"
"candle-to-water","5.52558653846","4.13160096154","Drama"
"capote","5.72062086514","3.89596946565","Crime"
"carrie","5.66836998706","4.02447606727","Horror"
"cars-2","5.67702858409","4.03255262575","Adventure"
"case-39","5.59160391856","3.95731079524","Mystery"
"casino","5.68295206367","4.06993522117","Crime"
"cast-away","5.69660442829","4.00079147389","Adventure"
"catwoman","5.57740422045","4.00554599467","Action"
"cedar-rapids","5.76692071415","4.04717988098","Comedy"
"celeste-&-jesse-forever","5.86374669551","4.07207402067","Comedy"
"cellular","5.53211255221","4.07163332601","Drama"
"changeling","5.58630049806","4.0029676259","Drama"
"chaos","5.58230010661","4.02586620469","Drama"
"charade","5.6445081562","3.9036892404","Comedy"
"charlie's-angels","5.64375334569","4.01206094297","Comedy"
"chasing-sleep","5.65657036347","3.90375349487","Thriller"
"cherry-falls","5.56610651974","4.108859045","Thriller"
"chinatown","5.68185921248","3.89488484398","Mystery"
"christ-complex","5.70105878187","4.08630665722","Fantasy"
"chronicle","5.65108561559","4.06523069331","Sci-Fi"
"cirque-du-freak-the-vampire's-assistant","5.54348344643","4.01664610323","Thriller"
"citizen-kane","5.73017010778","3.92783274899","Drama"
"city-of-joy","5.74440041866","4.03225328947","Drama"
"clash-of-the-titans","5.53739199681","4.10327095361","Adventure"
"clerks","5.6602962963","4.05856851852","Drama"
"cliffhanger","5.4689468448","4.08166003411","Action"
"cobb","5.5965720636","4.18162762865","Drama"
"code-of-silence","5.50584611639","4.01254443633","Action"
"cold-mountain","5.59644374508","4.00602045633","War"
"collateral-damage","5.47786494538","4.08096491228","Thriller"
"collateral","5.53778300113","4.02581797668","Thriller"
"colombiana","5.63700119679","3.95236963584","Action"
"commando","5.47916335878","4.00723664122","Action"
"conan-the-barbarian","5.41073051643","4.15091079812","Action"
"confessions-of-a-dangerous-mind","5.66466157002","4.11973149357","Crime"
"confidence","5.66455930138","4.05190089358","Drama"
"constantine","5.53485692484","3.96364937047","Thriller"
"coraline","5.75773333333","3.91757083333","Family"
"coriolanus","5.43334720571","4.18599881094","Drama"
"cowboys-&-aliens","5.51869327631","4.07342599192","Thriller"
"cradle-2-the-grave","5.56300821918","4.05752054795","Action"
"crank","5.49334782609","4.08905263158","Action"
"crash","5.51101304145","4.02085468095","Thriller"
"crazy,-stupid,-love","5.8434728759","4.02538270993","Drama"
"crazylove","5.79219448095","3.93093298292","Drama"
"creation","5.68130224692","3.93708383668","Drama"
"crime-spree","5.61749768132","3.97514932295","Crime"
"croupier","5.69912556054","3.99756103637","Drama"
"cruel-intentions","5.76873603923","4.07558975756","Drama"
"custody","5.79103145796","3.97988203267","Comedy"
"dallas-buyers-club","5.48550632911","4.05237927801","Drama"
"dances-with-wolves","5.61524211299","3.98873807777","Drama"
"dark-city","5.46090546602","3.87961953813","Thriller"
"darkman","5.48391033852","4.04188289113","Crime"
"date-night","5.70672531769","3.95289100684","Crime"
"dave-barry's-complete-guide-to-guys","5.74918795375","3.96968271041","Comedy"
"day-of-the-dead","5.45884361893","4.03293189535","Drama"
"dead-poets-society","5.7876884307","3.95781901489","Drama"
"deadpool","5.54609973647","4.06702615042","Comedy"
"dear-white-people","5.75387550201","4.05041276216","Drama"
"death-at-a-funeral","5.59618843142","4.00266986613","Comedy"
"death-to-smoochy","5.69245265674","4.11318808605","Comedy"
"deception","5.63580498866","3.93879120879","Crime"
"deep-cover","5.56352953767","4.18660744863","Crime"
"defiance","5.57984746938","4.11157383869","War"
"despicable-me-2","5.7315629742","4.08183611533","Comedy"
"detroit-rock-city","5.61237841331","4.04936823396","Musical"
"devil's-advocate","5.63873325679","4.08601798699","Drama"
"devil-in-a-blue-dress","5.62837483368","3.99764873598","Thriller"
"die-hard-2","5.50435647848","4.03407743889","Action"
"die-hard","5.52912075885","4.02459503831","Thriller"
"diner","5.77668571429","3.97265714286","Comedy"
"disturbia","5.68063983903","3.83916096579","Thriller"
"dog-day-afternoon","5.6019801822","4.08862713761","Drama"
"dogma","5.61847088395","4.07993855607","Fantasy"
"double-indemnity","5.62373239437","3.86842196033","Film-Noir"
"drag-me-to-hell","5.64922396857","3.93364440079","Horror"
"drive-angry","5.4574595843","4.08896843726","Crime"
"drive","5.67118340703","4.05445778059","Crime"
"drop-dead-gorgeous","5.75405528717","4.06052871712","Comedy"
"dumb-and-dumber","5.64415441176","4.02224048443","Comedy"
"dune","5.57138929889","3.98016051661","Fantasy"
"e.t","5.73750639684","3.99459874389","Sci-Fi"
"eagle-eye","5.57058202006","4.0177775788","Mystery"
"eastern-promises","5.62925811437","4.0317200265","Mystery"
"easy-a","5.75027960526","4.12226738722","Romance"
"ed-wood","5.71726827676","4.09026599217","Comedy"
"eight-legged-freaks","5.44823028238","4.14251460565","Sci-Fi"
"el-mariachi","5.56855956679","4.02281949458","Crime"
"election","5.80072231751","3.95674290071","Comedy"
"elizabeth-the-golden-age","5.68978800727","4.08371492025","Drama"
"enough","5.7218395912","4.0261964008","Thriller"
"entrapment","5.63029550132","3.96753307851","Comedy"
"erin-brockovic","5.65576319095","3.96625471106","Drama"
"escape-from-l.a","5.39203119266","4.15104220183","Sci-Fi"
"escape-from-new-york","5.51035921817","4.0604701532","Adventure"
"eternal-sunshine-of-the-spotless-mind","5.80556561922","3.96744916821","Sci-Fi"
"even-cowgirls-get-the-blues","5.62619438741","4.04791467032","Comedy"
"event-horizon","5.52010063443","3.98546488733","Sci-Fi"
"evil-dead-ii-dead-by-dawn","5.38819786229","4.04679592344","Horror"
"ex-machina","5.73350718232","3.91723756906","Drama"
"excalibur","5.61329182631","4.14538473819","Drama"
"existenz","5.63153861505","4.05103971263","Thriller"
"extract","5.71913114372","4.02713720009","Romance"
"face-off","5.47583559357","4.1388629251","Action"
"fair-game","5.64794388778","3.98465330661","Drama"
"fantastic-four","5.62320691391","4.03758852156","Adventure"
"fantastic-mr-fox","5.56275456389","3.91777281947","Family"
"fargo","5.66643855995","3.95903600119","Crime"
"fast-times-at-ridgemont-high","5.78185205993","3.98304681648","Drama"
"fatal-instinct","5.53448066841","4.026577654","Thriller"
"fear-and-loathing-in-las-vegas","5.50990432612","4.08803036606","Drama"
"feast","5.47327468487","4.00602941176","Thriller"
"ferris-bueller's-day-off","5.69820736434","4.02480620155","Comedy"
"field-of-dreams","5.7918172089","3.93776541096","Fantasy"
"fight-club","5.53350677966","4.01746779661","Action"
"final-destination-2","5.45496021735","4.05167087134","Horror"
"final-destination","5.55164120715","3.9959966468","Thriller"
"five-easy-pieces","5.756784","3.902416","Drama"
"flash-gordon","5.56953642384","4.12681843267","Fantasy"
"flight","5.63396445751","4.00192944949","Drama"
"forrest-gump","5.78075402635","3.98707540264","Comedy"
"four-rooms","5.68769483325","4.01349576637","Comedy"
"foxcatcher","5.74611082867","3.94443060498","Drama"
"fracture","5.48604128347","4.03129164112","Crime"
"frances","5.72878098128","4.00420165234","Drama"
"frankenweenie","5.65736377953","3.99208188976","Family"
"freaked","5.51972351203","4.10505487547","Comedy"
"freddy-vs.-jason","5.45057063326","4.08522442589","Fantasy"
"friday-the-13th-part-viii-jason-takes-manhattan","5.47514001986","4.0317795432","Horror"
"friday-the-13th","5.64233841303","3.94181555439","Mystery"
"fright-night-(1985)","5.53898792614","3.95987215909","Comedy"
"fright-night","5.59441248172","4.07960019503","Horror"
"from-dusk-till-dawn","5.52367439334","4.11804418689","Action"
"from-here-to-eternity","5.6377375924","4.01994456177","War"
"frozen-(disney)","5.72695091856","4.07144502331","Animation"
"frozen-river","5.63789594491","3.93071410355","Drama"
"frozen","5.64394955798","4.00633385335","Drama"
"fruitvale-station","5.74148107814","4.02569289409","Drama"
"funny-people","5.87838846737","4.14626403642","Comedy"
"g.i.-jane","5.59956411259","3.96337763878","Drama"
"g.i.-joe-the-rise-of-cobra","5.51259705489","4.09034232167","Action"
"game-6","5.62971646101","4.01350223156","Drama"
"gamer","5.5546314444","4.05593310609","Action"
"gandhi","5.54206211402","4.04079298308","Drama"
"gang-related","5.44937536148","4.09386543281","Crime"
"gangs-of-new-york","5.56786198547","4.04818886199","Drama"
"garden-state","5.77213951816","4.02992628551","Romance"
"gattaca","5.57636760427","3.93138861946","Thriller"
"get-carter","5.61185897436","3.991504884","Crime"
"get-low","5.61315125086","4.00189579986","Mystery"
"get-on-up","5.73718562874","4.0267629447","Drama"
"ghost-rider","5.40547889908","4.08946422018","Thriller"
"ghost-ship","5.54711616429","3.92949409484","Action"
"ghost-world","5.79816879893","4.00026160015","Drama"
"ghost","5.59070791629","4.03111010009","Thriller"
"ghostbusters-2","5.6411973051","4.03873724735","Comedy"
"ghostbusters","5.62845125786","3.93187106918","Fantasy"
"ginger-snaps","5.49660963906","4.02308783643","Thriller"
"gladiator","5.53944621938","4.17660099397","Action"
"go","5.55968205751","4.01084852167","Crime"
"gods-and-monsters","5.69034283585","3.98537171604","Drama"
"godzilla","5.53743148743","3.99277641278","Action"
"gone-in-60-seconds","5.59995647012","4.01974079937","Action"
"good-will-hunting","5.73651085142","4.04660916342","Drama"
"gothika","5.55113265123","3.99532938431","Thriller"
"gran-torino","5.61860968295","4.03568551842","Drama"
"grand-hotel","5.75141646489","4.0231920904","Romance"
"grand-theft-parsons","5.5343232275","3.95264502268","Drama"
"gremlins-2","5.57655467446","3.96699707846","Fantasy"
"gremlins","5.63732830385","4.01712799168","Horror"
"grosse-point-blank","5.65228467815","3.98131006346","Crime"
"groundhog-day","5.76384087791","3.97914560063","Romance"
"hackers","5.58803957947","4.09833642548","Thriller"
"hall-pass","5.90306339389","4.00708735988","Comedy"
"hancock","5.53024278095","4.03486665441","Action"
"hanna","5.65869876861","4.00426392207","Crime"
"hannibal","5.77030197848","4.07692814995","Thriller"
"hard-rain","5.57883300297","4.05398909812","Thriller"
"hard-to-kill","5.5076053898","4.05345717036","Romance"
"harold-and-kumar-go-to-white-castle","5.6305742447","4.10645382473","Adventure"
"he's-just-not-that-into-you","5.89567931964","3.99097697573","Comedy"
"heat","5.55195036056","3.97103974509","Action"
"heathers","5.60005216095","4.11103017884","Comedy"
"heist","5.75901672787","4.08066911465","Drama"
"hellbound-hellraiser-ii","5.56662112629","3.9598383872","Horror"
"hellboy-2-the-golden-army","5.55863694539","4.04725682594","Adventure"
"hellboy","5.47687163106","4.01310241565","Action"
"hellraiser-3-hell-on-ear","5.5523875296","4.01605761642","Horror"
"hellraiser-deader","5.56697387369","3.91475005143","Horror"
"hellraiser-hellseeker","5.57963837481","3.95800467986","Horror"
"hellraiser","5.59144196305","3.94899090157","Horror"
"henry's-crime","5.77107921046","4.05514227121","Crime"
"henry-fool","5.61163350976","3.95311005658","Comedy"
"her","5.93570333094","4.14082434699","Drama"
"hesher","5.58441070137","3.95096167751","Drama"
"high-fidelity","5.79941698573","4.01522102332","Drama"
"highlander","5.56243745355","3.98188258608","Action"
"his-girl-friday","5.69352168601","3.9752840562","Romance"
"hitchcock","5.74108586911","3.95829303877","Drama"
"hollow-man","5.49183435142","3.96220804887","Horror"
"honeydripper","5.72223475756","3.98544167067","Musical"
"horrible-bosses","5.55952722384","4.06567331391","Comedy"
"hostage","5.57473864456","4.02712689257","Drama"
"hot-tub-time-machine","5.76590746421","4.18450153374","Sci-Fi"
"hotel-rwanda","5.5746829791","4.03245400964","Thriller"
"house-of-1000-corpses","5.58596932757","4.09947306331","Horror"
"how-to-lose-friends-&-alienate-people","5.79623373659","4.02985619722","Comedy"
"how-to-train-your-dragon-2","5.63092983317","4.14164622179","Animation"
"how-to-train-your-dragon","5.51384324204","4.0977844578","Adventure"
"hudson-hawk","5.55047743379","4.05298396121","Adventure"
"human-nature","5.72604705384","4.08719160661","Comedy"
"i'll-do-anything","5.80815236739","4.04078497686","Drama"
"i,-robot","5.50582833853","3.97848237833","Action"
"i-am-number-four","5.58565865783","4.02393123447","Sci-Fi"
"i-am-sam","5.83260844964","3.94913617503","Drama"
"i-love-you-phillip-morris","5.67687829475","3.99377950951","Romance"
"i-spit-on-your-grave","5.54617341296","4.01388852024","Thriller"
"i-still-know-what-you-did-last-summer","5.63564114391","3.99768911439","Horror"
"in-the-bedroom","5.70557452792","3.87977501004","Crime"
"in-the-loop","5.58568978805","4.08583622351","Comedy"
"inception","5.67025481424","3.9569363937","Action"
"indiana-jones-and-the-last-crusade","5.59005966333","3.97876411677","Action"
"indiana-jones-and-the-raiders-of-the-lost-ark","5.53437704431","4.01310734463","Action"
"indiana-jones-and-the-temple-of-doom","5.4354558146","4.13502303504","Action"
"indiana-jones-iv","5.58680007052","4.03680183357","Adventure"
"insidious","5.64635485197","3.92328125","Thriller"
"insomnia","5.57286215637","3.90435562488","Thriller"
"interstellar","5.63313547321","3.92966131697","Drama"
"interview-with-the-vampire","5.5752781655","4.12940179462","Horror"
"into-the-wild","5.7715860912","3.98638249199","Adventure"
"into-the-woods","5.77456114687","3.94510239906","Comedy"
"intolerable-cruelty","5.72654917567","4.05225980671","Romance"
"inventing-the-abbotts","5.72456361268","3.97171515415","Romance"
"invictus","5.66954425363","4.00872357992","Drama"
"it's-a-wonderful-life","5.77961271102","4.0094282877","Fantasy"
"it's-complicated","5.8959586003","3.98775505175","Romance"
"jackie-brown","5.67563285024","4.02672601794","Comedy"
"jacob's-ladder","5.60614000525","4.06925794589","Thriller"
"jane-eyre","5.70714193235","4.02239844635","Romance"
"jason-x","5.46098470564","4.05880159229","Action"
"jaws-2","5.61501069415","4.05539179467","Horror"
"jaws","5.57201861024","4.05310220621","Horror"
"jay-and-silent-bob-strike-back","5.57838551859","4.178518591","Comedy"
"jennifer's-body","5.63579045643","4.11299585062","Horror"
"jennifer-eight","5.59628966223","4.00896494371","Thriller"
"jimmy-and-judy","5.75229604131","4.0958020654","Action"
"judge-dredd","5.4632106693","4.05735737219","Crime"
"juno","5.82801965955","4.02884919684","Drama"
"jurassic-park-the-lost-world","5.55517173052","3.93917173052","Sci-Fi"
"kalifornia","5.57772890192","3.97433691756","Crime"
"kate-&-leopold","5.84628324324","3.95665081081","Comedy"
"kids","5.76981655925","4.15962816063","Drama"
"kill-bill-volume-1-&-2","5.57217351505","4.06945077299","Drama"
"kill-your-darlings","5.60158103889","4.01980698269","Drama"
"killing-zoe","5.56221888015","4.07566404442","Crime"
"king-kong","5.60536171397","4.02382582081","Mystery"
"klute","5.68913376773","3.92819471062","Crime"
"knocked-up","5.84414331805","4.17203090508","Comedy"
"kramer-vs-kramer","5.73874438656","3.96518052811","Drama"
"kundun","5.72857730417","3.91349037203","Drama"
"kung-fu-panda","5.65140835801","3.99117801909","Action"
"l.a.-confidential","5.57399151917","4.02612094395","Crime"
"la-la-land","5.88445449561","3.98317982456","Comedy"
"labor-of-love","5.72752929526","3.90926885625","Drama"
"labyrinth","5.69663000978","4.00296676442","Musical"
"lake-placid","5.55503173164","4.11358114234","Comedy"
"land-of-the-dead","5.51769290928","4.08123566215","Horror"
"larry-crowne","5.80213309717","3.99742408907","Comedy"
"last-chance-harvey","5.74943289225","3.99127914304","Romance"
"last-tango-in-paris","5.76339812115","4.02764820214","Romance"
"law-abiding-citizen","5.4815982906","4.03085982906","Drama"
"legion","5.53303259727","4.12227129338","Action"
"les-miserables","5.61710260424","4.05123096627","Musical"
"leviathan","5.47283594864","3.98727817404","Sci-Fi"
"liar-liar","5.69760875367","4.06935414999","Comedy"
"life-of-pi","5.71702045455","4.00414090909","Drama"
"life","5.62663536527","4.05325163139","Drama"
"limitless","5.64498532495","4.00091194969","Sci-Fi"
"lincoln","5.50483083362","4.02641611441","History"
"little-athens","5.5175618508","4.00713314448","Drama"
"little-nicky","5.67338271605","4.11434567901","Fantasy"
"living-in-oblivion","5.73355444305","4.02072841051","Comedy"
"lock,-stock-and-two-smoking-barrels","5.58020155364","4.10581986143","Thriller"
"logan's-run","5.64127775535","4.04222648365","Adventure"
"lone-star","5.62835415853","3.97401600937","Drama"
"looper","5.55295196062","4.05283313529","Crime"
"lord-of-illusions","5.50388063525","4.06898309426","Horror"
"lord-of-war","5.5440511509","4.11065984655","Crime"
"lost-highway","5.6645109152","3.94411418976","Horror"
"lost-horizon","5.74887016673","3.99963994324","Mystery"
"lost-in-space","5.64261305678","4.08039442367","Sci-Fi"
"lost-in-translation","5.88774555043","3.95588332235","Romance"
"love-and-basketball","5.73435278337","4.04042477085","Romance"
"machete","5.50548658261","4.17624959586","Action"
"machine-gun-preacher","5.63530167315","4.01897245226","Action"
"magnolia","5.69567753216","4.05171225178","Drama"
"major-league","5.65951758261","3.94738646404","Comedy"
"malibu's-most-wanted","5.60093662367","4.13917835109","Comedy"
"man-in-the-iron-mask","5.56434445178","4.03460535007","Drama"
"man-on-fire","5.60541455751","4.00321696631","Drama"
"man-on-the-moon","5.64929520508","4.12521856345","Drama"
"man-trouble","5.63847454545","3.95197454545","Romance"
"margaret","5.77621184211","4.04189342105","Drama"
"margin-call","5.72225608195","3.90023559539","Thriller"
"margot-at-the-wedding","5.74769411213","3.9931433263","Drama"
"mariachi,-e","5.56676534296","4.02329963899","Action"
"marley-&-me","5.88693324937","3.95650713686","Family"
"martha-marcy-may-marlene","5.86522297297","3.98579054054","Drama"
"master-and-commander","5.5464497992","3.99087751004","Action"
"max-payne","5.50318222381","3.96496341246","Thriller"
"mean-streets","5.71576735547","4.03693057813","Drama"
"meet-joe-black","5.84153982586","4.01412447598","Romance"
"megamind","5.65136381399","4.08469519343","Animation"
"men-in-black-3","5.65628527841","4.06440376303","Action"
"men-in-black","5.53996502853","3.97355604638","Sci-Fi"
"metro","5.53968852459","4.01030163934","Drama"
"miami-vice","5.62066248106","4.01035722018","Action"
"midnight-cowboy","5.6224586078","4.02785828734","Drama"
"midnight-express","5.46549271137","4.05135471331","Crime"
"midnight-in-paris","5.99391483953","4.10965363839","Romance"
"mighty-morphin-power-rangers-the-movie","5.63481858257","4.06132587318","Action"
"milk","5.65617104184","4.08721698113","Drama"
"mimic","5.4635409331","3.93772667254","Thriller"
"mini's-first-time","5.73749000951","4.05319124643","Comedy"
"mirrors","5.60555413079","3.950304085","Thriller"
"mission-impossible-ii","5.54098974164","4.06830547112","Action"
"mission-impossible","5.58262113127","3.89500533618","Adventure"
"mission-to-mars","5.6397125038","4.03543961059","Drama"
"moneyball","5.82324456688","3.99302418121","Drama"
"monkeybone","5.66028719127","4.02777522497","Animation"
"monte-carlo","5.82403536658","3.95448440294","Romance"
"moon","5.71810726311","3.93064935065","Drama"
"moonrise-kingdom","5.60724403532","3.86188803306","Drama"
"moonstruck","5.84596865773","4.00639109698","Drama"
"mr-blandings-builds-his-dream-house","5.71201913222","3.8838640246","Comedy"
"mr-brooks","5.67014904679","3.96206759099","Thriller"
"mr-deeds-goes-to-town","5.76598795382","3.97227706207","Comedy"
"mrs.-brown","5.66112810707","3.93830647364","Romance"
"mud","5.65513920241","3.89117983446","Drama"
"mulholland-drive","5.72034047667","3.93328459844","Horror"
"mumford","5.70483893196","3.99958656331","Comedy"
"music-of-the-heart","5.86990365018","4.03983324069","Drama"
"my-best-friend's-wedding","5.76942231392","4.06242977305","Romance"
"my-mother-dreams-the-satan's-disciples-in-new-york","5.69585695007","3.98819838057","Short"
"my-week-with-marilyn","5.82915308352","4.00010082339","Drama"
"nashville","5.80657370518","4.00705748435","Drama"
"natural-born-killers","5.54588563695","4.0924023008","Romance"
"new-york-minute","5.65373866667","4.00082933333","Adventure"
"newsies","5.63389102256","4.06945031205","Family"
"next-friday","5.69764547091","4.0873905219","Comedy"
"next","5.58368253968","4.01460690943","Sci-Fi"
"nick-of-time","5.59950536062","4.05338450292","Thriller"
"nightbreed","5.41931010812","4.10757164922","Fantasy"
"nightmare-on-elm-street-the-final-chapter","5.55905747551","3.96614304195","Mystery"
"nine","5.76641381346","4.01913813459","Musical"
"ninja-assassin","5.5168910185","4.03587474928","Crime"
"no-country-for-old-men","5.49185372241","3.89655443322","Drama"
"no-strings-attached","5.86087981147","4.13514008903","Romance"
"oblivion","5.62847347995","3.97318240621","Action"
"observe-and-report","5.68533285094","4.11333212735","Comedy"
"obsessed","5.76995280793","4.00679801793","Drama"
"oceans-eleven","5.6098677686","3.98588264463","Thriller"
"oceans-twelve","5.70213281419","3.94433052131","Crime"
"one-flew-over-the-cuckoo's-nest","5.61467617579","3.90397070162","Drama"
"only-god-forgives","5.61546577458","4.10409675759","Thriller"
"ordinary-people","5.79647591921","4.00259451062","Drama"
"orphan","5.67070035461","4.04541843972","Mystery"
"out-of-sight","5.67623239981","3.9936066842","Crime"
"pandorum","5.44659321769","3.99127363651","Action"
"panic-room","5.57081614509","3.88596372688","Drama"
"papadopoulos-&-sons","5.8563768595","4.04862479339","Drama"
"paranorman","5.45435785288","4.01063220676","Adventure"
"pariah","5.74992935278","3.89819963537","Drama"
"paul","5.67983833718","4.02640982574","Adventure"
"peeping-tom","5.78575600143","3.86047653171","Horror"
"peggy-sue-got-married","5.83283959806","4.07356159285","Comedy"
"perfect-creature","5.53833774017","4.01105587872","Sci-Fi"
"pet-sematary-ii","5.48794699443","3.99594008066","Horror"
"pet-sematary","5.61795172645","3.92991283942","Horror"
"petulia","5.6757978022","4.0223956044","Drama"
"philadelphia","5.55760340885","4.03454167533","Drama"
"phone-booth","5.33767676768","4.24601010101","Thriller"
"pi","5.58437069505","3.96687226049","Sci-Fi"
"pineapple-express","5.4876124848","4.18883056344","Thriller"
"pirates-of-the-caribbean-the-curse-of-the-black-pearl","5.58528069299","4.02979343662","Comedy"
"pitch-black","5.51298335781","4.06786343612","Horror"
"platinum-blonde","5.76945885006","3.93942502818","Romance"
"pleasantville","5.80509831659","3.91803791201","Fantasy"
"point-break","5.5658866385","4.08889115547","Action"
"precious","5.73982930299","3.96046738468","Drama"
"predator","5.41807314196","4.07149233189","Horror"
"pretty-woman","5.82967499492","4.00446272598","Romance"
"pride-and-prejudice","5.89870014771","3.97915620384","Romance"
"priest","5.51878508342","4.0440686948","Sci-Fi"
"prom-night","5.61093719492","3.94808330622","Mystery"
"prometheus","5.46941700269","4.02502352151","Adventure"
"psycho","5.6642587832","3.87805912596","Thriller"
"public-enemies","5.56780473825","4.03404470768","Drama"
"pulp-fiction","5.61757304711","4.0883064997","Crime"
"purple-rain","5.71120456012","4.05313830931","Music"
"quantum-project","5.67280881196","3.97336742722","Drama"
"queen-of-the-damned","5.71313664596","4.12061457993","Horror"
"rachel-getting-married","5.84040091931","4.05303881512","Romance"
"raging-bull","5.63713511259","4.13655337781","Drama"
"raising-arizona","5.63109886202","3.99882290185","Comedy"
"rambling-rose","5.62990070019","4.12896626353","Drama"
"rear-window","5.73648143824","3.87276908709","Mystery"
"red-riding-hood","5.61422682206","4.02173073578","Horror"
"reindeer-games","5.58893117553","4.04386448515","Drama"
"remember-me","5.76216624685","3.97657888711","Drama"
"reservoir-dogs","5.51881466017","4.16489909534","Action"
"revolutionary-road","5.78779605263","4.02283906883","Drama"
"ringu","5.67202465331","3.86473959938","Mystery"
"rise-of-the-guardians","5.73802699343","3.9839833067","Animation"
"rise-of-the-planet-of-the-apes","5.62448415716","3.96806337136","Drama"
"rko-281","5.69294687791","4.06347623486","Drama"
"robin-hood-prince-of-thieves","5.43010839642","4.17516861666","Adventure"
"rocknrolla","5.63418880183","4.05009554749","Action"
"romeo-&-julie","5.61869768246","4.11036665514","Romance"
"ronin","5.54552736751","4.09278887924","Action"
"room","5.78841266513","3.89917592787","Drama"
"roughshod","5.66149068323","3.89258855128","Western"
"runaway-bride","5.85210265811","3.99187351054","Romance"
"rush-hour-2","5.6601376981","4.10212782541","Comedy"
"rush","5.64244196632","4.11472234866","Action"
"rushmore","5.71635425623","3.91095012898","Comedy"
"rust-and-bone","5.70437864887","3.96362176814","Drama"
"s.-darko","5.65188051595","3.9712740439","Mystery"
"save-the-last-dance","5.72189554762","4.04759909825","Drama"
"saving-mr.-banks","5.87577445652","3.9454367236","Drama"
"saving-private-ryan","5.51717376904","4.02384632369","Drama"
"schindler's-list","5.63466696737","3.93328371673","War"
"scott-pilgrim-vs-the-world","5.69344368014","4.0738327601","Action"
"scream-2","5.5991314081","4.01295948064","Mystery"
"scream-3","5.50849815043","4.13074969174","Horror"
"scream","5.58315820313","4.03210742187","Thriller"
"se7en","5.52024242424","3.95748606061","Drama"
"semi-pro","5.74633776485","4.08070004155","Comedy"
"sense-and-sensibility","5.82832443603","3.95106251076","Comedy"
"serenity","5.54279144385","4.03884848485","Sci-Fi"
"sex-and-the-city","5.93323832924","4.03277313677","Comedy"
"sexual-life","5.82387012987","4.03136623377","Comedy"
"shakespeare-in-love","5.74830765984","4.0423718084","Romance"
"shallow-grave","5.61705210084","3.89951260504","Crime"
"shame","5.68846764347","4.05449328449","Drama"
"she's-out-of-my-league","5.76403581527","4.05878982092","Romance"
"sherlock-holmes","5.50172272105","4.00130878101","Adventure"
"shifty","5.59341869793","4.10716445541","Thriller"
"shivers","5.55615955473","3.95807050093","Sci-Fi"
"shrek-the-third","5.65267548778","4.04738057861","Adventure"
"sideways","5.8314530408","3.98519438029","Drama"
"signs","5.72370501214","3.85910797085","Horror"
"silence-of-the-lambs","5.53170655714","3.97736014729","Drama"
"silver-bulle","5.5717042363","3.97790322581","Horror"
"silver-linings-playbook","5.77611188165","4.11661581137","Drama"
"simone","5.74854036744","4.01576605427","Comedy"
"sister-act","5.68007970244","3.96766029047","Musical"
"sleepless-in-seattle","5.8354408298","3.97297736917","Drama"
"sleepy-hollow","5.38450452184","3.98190686935","Horror"
"sling-blade","5.83318368874","3.93299102132","Drama"
"slither","5.50172625344","4.0627924688","Comedy"
"slumdog-millionaire","5.68699180796","4.03112783387","Crime"
"smashed","5.75577385521","4.1992069583","Drama"
"smokin'-aces","5.43414492321","4.09415386909","Action"
"snatch","5.53479077043","4.1164450528","Comedy"
"snow-falling-on-cedars","5.60725986109","3.99169964618","Drama"
"snow-white-and-the-huntsman","5.57603320664","4.11401880376","Action"
"so-i-married-an-axe-murderer","5.79381369993","4.05105475231","Thriller"
"solaris","5.70029444652","3.99562802833","Sci-Fi"
"soldier","5.40294287681","4.06819958706","Drama"
"someone-to-watch-over-me","5.69261875761","3.98985627284","Drama"
"something's-gotta-give","5.88162108672","4.03456099316","Romance"
"source-code","5.5766954023","3.9477545156","Mystery"
"south-park","5.65776908023","4.21706457926","Comedy"
"spanglish","5.86368117798","4.07410371319","Comedy"
"spare-me","5.65440042827","4.02104657388","Thriller"
"spartan","5.6325433526","3.9239521057","Thriller"
"speed-racer","5.68582974138","4.06338977833","Sport"
"sphere","5.57469433289","3.96455823293","Thriller"
"spider-man","5.61791621446","4.07586715867","Adventure"
"st.-elmo's-fire","5.77675432682","4.12498763767","Drama"
"star-trek-nemesis","5.60689018269","4.08201565951","Action"
"star-trek","5.6275102529","4.08550580998","Sci-Fi"
"star-wars-1","5.56215804453","4.05256320107","Sci-Fi"
"star-wars-2","5.62664498531","4.06201426773","Sci-Fi"
"star-wars-3","5.49304044177","4.05899301608","Action"
"star-wars-4","5.50116109739","4.10367702509","Action"
"star-wars-5","5.49532085134","4.1039606337","Fantasy"
"star-wars-7","5.51094383175","4.07862528854","Fantasy"
"starman","5.61590124205","3.94177521963","Sci-Fi"
"state-and-main","5.76555555556","3.8951179095","Comedy"
"station-west","5.59306878307","3.97025177887","Western"
"storytelling","5.75881193124","4.07438827098","Comedy"
"strange-days","5.57868150897","4.07811750155","Action"
"strangers-on-a-train","5.63543358396","3.97090225564","Thriller"
"sugar","5.75251362928","3.96533489097","Drama"
"sunset-blvd","5.73218834267","3.91288321925","Film-Noir"
"sunshine-cleaning","5.70161395634","3.970112222","Drama"
"super-8","5.63788590604","3.99802013423","Thriller"
"superbad","5.63217901985","4.1751782098","Comedy"
"supergirl","5.65885981308","4.00742905692","Fantasy"
"surrogates","5.52266880342","4.00436538462","Sci-Fi"
"suspect-zero","5.52735654304","3.98905878237","Drama"
"sweeney-todd-the-demon-barber-of-fleet-street","5.6526955684","4.07727360308","Musical"
"swordfish","5.6468","4.04528","Action"
"synecdoche,-new-york","5.69695274307","3.98213108818","Drama"
"syriana","5.70448921769","3.98106249016","Thriller"
"take-shelter","5.64930297199","3.81003207184","Thriller"
"taking-lives","5.51848446147","4.07781183482","Thriller"
"taking-sides","5.7640455665","4.01000923645","Music"
"tall-in-the-saddle","5.55967409659","3.94246031746","Western"
"tamara-drewe","5.71143622962","4.06868885414","Drama"
"ted","5.76781178136","4.06925880064","Fantasy"
"terminator-2-judgement-day","5.46942340374","4.03607307599","Drama"
"terminator-salvation","5.54620131291","4.0375536105","Sci-Fi"
"the-abyss","5.49958470847","4.01803355336","Adventure"
"the-addams-family","5.59054924242","4.01152146465","Fantasy"
"the-adventures-of-buckaroo-banzai-across-the-eighth-dimension","5.50978256368","4.07327396977","Sci-Fi"
"the-american","5.66214887365","3.93622722821","Drama"
"the-amityville-asylum","5.53082729318","4.02379655086","Horror"
"the-anniversary-party","5.86294830372","4.08749865374","Drama"
"the-artist","5.7255942377","3.99605042017","Romance"
"the-assignment","5.56597031186","4.04746288983","Thriller"
"the-avengers","5.52792532976","4.08817124972","Action"
"the-bachelor-party","5.79646993141","3.96766629446","Drama"
"the-back-up-plan","5.844955034","4.02130511077","Romance"
"the-battle-of-shaker-heights","5.79147507104","3.97617669853","Romance"
"the-believer","5.60661865864","4.05076096303","Drama"
"the-best-exotic-marigold-hotel","5.84341784787","3.94089838291","Drama"
"the-big-blue","5.78524755989","3.94327240461","Romance"
"the-big-white","5.64041057368","3.98681289839","Crime"
"the-birds","5.73088356974","3.90656914894","Drama"
"the-black-dahlia","5.54387258789","4.02638117896","Thriller"
"the-blind-side","5.80366051953","3.9437953599","Drama"
"the-bling-ring","5.86543490305","4.06335734072","Drama"
"the-book-of-eli","5.61477429719","3.97844337349","Sci-Fi"
"the-boondock-saints","5.48997955653","4.11319861613","Drama"
"the-bourne-identity","5.52694659871","4.00722136051","Thriller"
"the-bourne-supremacy","5.53137540453","3.96728694714","Drama"
"the-bourne-ultimatum","5.47758716104","3.98168234643","Mystery"
"the-box","5.65906821222","3.90063085154","Mystery"
"the-breakfast-club","5.67587944664","4.03469038208","Comedy"
"the-brothers-bloom","5.64378095762","4.03138139791","Romance"
"the-butterfly-effect","5.59512098299","4.0333194707","Fantasy"
"the-cell","5.58822414156","4.01244154203","Sci-Fi"
"the-change-up","5.76712937475","4.15476012584","Comedy"
"the-cider-house-rules","5.76174043909","3.96762924929","Romance"
"the-cincinnati-kid","5.8025801195","3.95733297121","Drama"
"the-cooler","5.64785129175","4.08638521319","Drama"
"the-croods","5.722279924","4.01791640279","Adventure"
"the-crow-city-of-angels","5.50639028255","4.05442038553","Action"
"the-crow","5.36558543299","4.15782765192","Fantasy"
"the-curious-case-of-benjamin-button","5.82098473545","3.92836221738","Fantasy"
"the-damned-united","5.78222544114","4.07142480906","Drama"
"the-dark-knight-rises","5.43358285243","4.08762242374","Action"
"the-day-the-clown-cried","5.68034913033","3.97384673557","Drama"
"the-day-the-earth-stood-still","5.62248237179","3.99843108974","Drama"
"the-debt","5.59552301255","3.95202032277","Thriller"
"the-deer-hunter","5.55649798634","3.99194536859","Drama"
"the-departed","5.57666883434","4.09500894164","Thriller"
"the-descendants","5.82071175858","4.0358792924","Comedy"
"the-distinguished-gentleman","5.7530305856","4.03518090265","Comedy"
"the-doors","5.68147628819","4.18183652531","Drama"
"the-fabulous-baker-boys","5.85449905482","3.96041587902","Drama"
"the-family-man","5.86946456447","3.96794723697","Romance"
"the-fault-in-our-stars","5.78768722467","4.04193612335","Romance"
"the-fifth-element","5.62463476071","4.07542101475","Sci-Fi"
"the-fighter","5.63459287883","4.07816450455","Drama"
"the-flintstones","5.62177208481","4.00247526502","Family"
"the-french-connection","5.46623430056","4.04708748376","Thriller"
"the-fugitive","5.51157846211","3.9339184953","Thriller"
"the-getaway","5.53529613215","3.90860394843","Crime"
"the-godfather-part-ii","5.73646514103","4.00233209154","Crime"
"the-godfather","5.67415742349","3.99534544969","Crime"
"the-graduate","5.80070598007","3.8710589701","Comedy"
"the-green-mile","5.52356746495","3.99803008178","Drama"
"the-grifters","5.63855331842","3.9726043997","Drama"
"the-grudge","5.61046576737","3.81053448715","Mystery"
"the-hangover","5.74615560641","4.08904118993","Mystery"
"the-haunting","5.61706867414","3.92233369181","Horror"
"the-hebrew-hammer","5.66341966637","3.99805531168","Comedy"
"the-help","5.82786639926","3.90632366554","Drama"
"the-hills-have-eyes","5.51023988369","4.01358614005","Horror"
"the-hitchhiker's-guide-to-the-galaxy","5.67273992224","3.99700634336","Sci-Fi"
"the-horse-whisperer","5.85371171609","3.93351118133","Romance"
"the-hudsucker-proxy","5.65951223902","3.91428185745","Fantasy"
"the-ice-storm","5.74872662511","3.93657390917","Drama"
"the-ides-of-march","5.66431043257","3.99329262087","Drama"
"the-imaginarium-of-doctor-parnassus","5.614622","4.091512","Fantasy"
"the-insider","5.61759952161","4.01042029728","Drama"
"the-invention-of-lying","5.69957249071","4.08880483271","Comedy"
"the-iron-lady","5.66754468719","3.96635054618","Drama"
"the-island","5.52802754382","3.98952765764","Action"
"the-italian-job","5.63733445803","4.03650991143","Action"
"the-jacket","5.64653810666","3.96570031371","Fantasy"
"the-kids-are-all-right","5.76300412736","4.05316627358","Drama"
"the-king's-speech","5.6627639485","3.9987167382","Drama"
"the-king-of-comedy","5.84505244755","3.95499475524","Drama"
"the-kingdom","5.54145826567","4.03488470283","Thriller"
"the-ladykillers","5.60319156234","3.95341107872","Crime"
"the-last-boy-scout","5.5276206089","4.16209211553","Action"
"the-last-flight","5.63922435897","4.02611752137","Drama"
"the-last-of-the-mohicans","5.50511234912","4.06350417827","Adventure"
"the-last-samurai","5.53109332528","4.13407580791","Drama"
"the-last-station","5.76128601546","3.99517919888","History"
"the-life-of-david-gale","5.57264338666","3.93082520484","Thriller"
"the-limey","5.67611739235","4.00964878518","Drama"
"the-lincoln-lawyer","5.59371488912","4.05179725449","Thriller"
"the-long-kiss-goodnight","5.45033461415","4.12915946206","Thriller"
"the-lord-of-the-rings-fellowship-of-the-ring","5.58105119187","4.05602188355","Fantasy"
"the-losers","5.51904383491","4.09391694437","Adventure"
"the-majestic","5.75051415668","3.93310231023","Romance"
"the-man-who-knew-too-much","5.71436706268","3.89211252219","Thriller"
"the-man-who-wasn't-there","5.62068329718","3.96684652928","Drama"
"the-manchurian-candidate","5.56058008026","4.02486136447","Sci-Fi"
"the-mask","5.6425060324","4.07902275078","Fantasy"
"the-master","5.79856766025","4.0104589818","Drama"
"the-matrix-reloaded","5.49168355249","4.04864625997","Action"
"the-matrix","5.56306467275","4.03264517382","Sci-Fi"
"the-mechanic","5.63161085271","3.98996744186","Thriller"
"the-men-who-stare-at-goats","5.65626179831","4.03066070541","War"
"the-miracle-worker","5.74522462562","3.93514143095","Drama"
"the-mummy","5.41428410584","4.11668605742","Adventure"
"the-next-three-days","5.56950534008","3.95216038973","Drama"
"the-nines","5.74194625177","3.95152475248","Mystery"
"the-other-boleyn-girl","5.74871704745","4.07536906854","History"
"the-pacifier","5.62678687109","3.99968905204","Action"
"the-perks-of-being-a-wallflower","5.87545694781","4.08066725391","Romance"
"the-pianist","5.52415374814","3.95849224889","Drama"
"the-postman","5.56699898956","4.0199191647","Drama"
"the-power-of-one","5.63644438015","4.00281932591","Drama"
"the-private-life-of-sherlock-holmes","5.6216375","3.86115","Drama"
"the-producer","5.72146137787","4.12967014614","Comedy"
"the-program","5.63679436523","4.0719309397","Drama"
"the-prophecy","5.54024666667","3.95818666667","Fantasy"
"the-proposal","5.80691660291","4.03162012242","Comedy"
"the-queen","5.68079428571","3.97060571429","Drama"
"the-rage-carrie-2","5.70693676815","4.02967681499","Horror"
"the-reader","5.74439060642","3.91707491082","Drama"
"the-relic","5.49578916021","4.00388773079","Thriller"
"the-replacements","5.61582101167","4.05815564202","Comedy"
"the-revenant","5.49793138866","3.99812243221","Adventure"
"the-road","5.55710599592","3.96412660108","Adventure"
"the-rock","5.41162137681","4.06351449275","Action"
"the-rocky-horror-picture-show","5.67824408468","4.08891656289","Comedy"
"the-roommate","5.72852840666","3.9205638616","Horror"
"the-ruins","5.51328737413","3.9092796282","Thriller"
"the-salton-sea","5.53036895674","4.08572943172","Drama"
"the-sandlot-kids","5.6531695138","3.96155059133","Drama"
"the-searchers","5.65388483503","3.96467322335","Western"
"the-sessions","5.84381517173","4.00184828268","Drama"
"the-shining","5.75154486835","3.83575765717","Horror"
"the-shipping-news","5.77332986936","3.97722980998","Romance"
"the-siege","5.57362710455","4.00272708377","Drama"
"the-social-network","5.7909456838","3.98342547688","Drama"
"the-stuntman","5.56737333499","4.11580480518","Romance"
"the-surfer-king","5.83428201252","3.96022673289","Comedy"
"the-sweet-hereafter","5.70578651685","3.99245853398","Drama"
"the-taking-of-pelham-one-two-three","5.52910949645","4.00537343697","Thriller"
"the-talented-mr.-ripley","5.79772813688","4.0003588403","Horror"
"the-terminator","5.47252875507","4.01169993234","Drama"
"the-thing","5.41401486989","4.00830952847","Action"
"the-things-my-father-never-taught-me","5.95175141243","4.08892655367","Comedy"
"the-three-musketeers","5.61416177833","4.11681537512","Romance"
"the-time-machine","5.63923177083","3.94431423611","Adventure"
"the-tourist","5.67702442635","3.94094991364","Drama"
"the-truman-show","5.64578450704","3.9193","Fantasy"
"the-ugly-truth","5.78407424277","4.05227738556","Comedy"
"the-verdict","5.58751600512","3.92335680751","Drama"
"the-visitor","5.78510698553","3.85415984896","Drama"
"the-way-back","5.58621596244","3.95272300469","Drama"
"the-whistleblower","5.62178926441","3.99395228628","Drama"
"the-wild-bunch","5.49224903059","4.06749461439","Western"
"the-wolf-of-wall-street","5.71264085092","4.14228020608","Comedy"
"the-woodsman","5.74340712743","3.95265658747","Drama"
"the-world-is-not-enough","5.45124591355","4.08315110788","Adventure"
"the-wrestler","5.62662625742","4.00082795976","Drama"
"the-x-files-fight-the-future","5.49437821172","3.96872387804","Thriller"
"thelma-&-louise","5.67935918744","4.03654108957","Thriller"
"thirteen-days","5.50678709677","3.99828903226","Drama"
"this-boy's-life","5.73768654114","4.00662831241","Drama"
"this-is-40","5.85024934383","4.15276715411","Comedy"
"thor","5.58941843745","4.07611918837","Action"
"three-kings-(spoils-of-war)","5.55900767263","4.10936061381","Action"
"three-kings","5.44385477843","4.13279587115","Action"
"three-men-and-a-baby","5.69276064611","3.97579376734","Family"
"thunderheart","5.55790859564","3.96562953995","Crime"
"ticker","5.46805659204","4.02004975124","Action"
"timber-falls","5.62934128878","3.99065155131","Horror"
"tin-cup","5.66573524563","4.04252225519","Drama"
"tin-men","5.8018302506","4.00042810263","Drama"
"tinker-tailor-soldier-spy","5.62856616935","3.91649486534","Mystery"
"titanic","5.69286544935","3.96716923391","Drama"
"tmnt","5.54535675082","4.04497475302","Adventure"
"to-sleep-with-anger","5.71849721373","3.91687758404","Drama"
"tomorrow-never-dies","5.528633712","4.0395732269","Thriller"
"total-recall","5.55200428469","4.01125684361","Sci-Fi"
"traffic","5.61904096183","4.0164434503","Drama"
"trainspotting","5.55376344086","4.10373783922","Drama"
"transformers-the-movie","5.48633896569","4.15079877112","Action"
"tron-legacy","5.45479558271","4.05830357143","Adventure"
"tron","5.66322040654","3.96710442407","Sci-Fi"
"true-lies","5.60873220641","4.05215302491","Adventure"
"twilight-new-moon","5.63921081556","4.04849857111","Fantasy"
"twilight","5.70123790232","4.05900067522","Drama"
"twin-peaks","5.69613831089","3.96254181967","Drama"
"twins","5.77266652202","4.05397700152","Comedy"
"two-for-the-money","5.78684834883","4.0930987496","Thriller"
"u-turn","5.60589130435","4.15377173913","Thriller"
"unbreakable","5.64498022356","3.90853654342","Fantasy"
"under-fire","5.60495310565","4.09058219784","Drama"
"unknown","5.60230536255","3.9587083556","Thriller"
"up-in-the-air","5.8398849797","3.97032250789","Drama"
"up","5.79681142857","3.93452","Animation"
"v-for-vendetta","5.5440922929","4.07234417561","Thriller"
"valkyrie","5.53235204856","3.98012708649","Thriller"
"vanilla-sky","5.819601858","4.11470913515","Mystery"
"very-bad-things","5.60424403797","4.15052326928","Comedy"
"wag-the-dog","5.69788946348","3.98904977376","Comedy"
"walking-tall","5.59285807717","4.10063440157","Thriller"
"wall-e","5.56299971322","3.96184399197","Romance"
"wall-street-money-never-sleeps","5.78716123188","4.06521557971","Drama"
"wall-street","5.71672724825","4.0657364028","Drama"
"wanted","5.54677419355","4.03813953488","Action"
"war-horse","5.60916651468","4.03672989239","War"
"war-of-the-worlds","5.64329704076","3.99911222781","Sci-Fi"
"warm-springs","5.74985891767","3.9475573805","Drama"
"warrior","5.63749892473","4.07246451613","Action"
"watchmen","5.52724550898","4.09606474551","Thriller"
"water-for-elephants","5.73296581197","4.03890598291","Romance"
"we-own-the-night","5.71159309363","4.021749733","Crime"
"what-about-bob","5.75587466279","3.96978418759","Comedy"
"what-lies-beneath","5.6834599694","3.94958439572","Mystery"
"when-a-stranger-calls","5.64015654649","3.86917220114","Thriller"
"while-she-was-out","5.54855372701","3.97817037754","Drama"
"white-christmas","5.82628185907","3.96331634183","Romance"
"white-jazz","5.47396450695","4.07110999498","Mystery"
"white-squall","5.69170712484","3.97962484237","Drama"
"whiteout","5.52799022874","3.94527870309","Mystery"
"who's-your-daddy","5.8590070922","4.08116233255","Comedy"
"wild-hogs","5.7114159292","4.08788495575","Adventure"
"wild-things-diamonds-in-the-rough","5.53944558522","4.03020533881","Mystery"
"wild-things","5.59275321963","4.02414375218","Drama"
"wild-wild-west","5.55940919772","4.06119503189","Action"
"willow","5.57732814021","4.19291333982","Comedy"
"win-win","5.74976587729","3.98325888052","Drama"
"wind-chill","5.49588881564","4.00044166117","Thriller"
"witness","5.58467695473","3.96724485597","Thriller"
"wonder-boys","5.72897185301","3.95600078186","Drama"
"x-men-origins-wolverine","5.49918180043","4.04140011716","Fantasy"
"xxx","5.54504083571","4.07203418803","Adventure"
"year-one","5.65564522822","4.09752074689","Comedy"
"yes-man","5.80261032473","4.04284138218","Comedy"
"you-can-count-on-me","5.7834815756","3.92775095299","Drama"
"youth-in-revolt","5.72311438861","3.99519636426","Drama"
"zero-dark-thirty","5.61406837607","3.96549145299","Thriller"
"zerophilia","5.75486187845","4.00480662983","Romance"
